"Comment","User","ReplyCount","LikeCount","PublishTime","CommentId","ParentID","ReplyToAnotherUser","VideoID"
"Bestest movie!!<U+0001F525>","Harshita Mahajan","0","0","2019-02-05T06:31:07.000Z","Ugx3au6OjKUWmwULCtp4AaABAg","None","FALSE","VVY3do673Zc"
"Hahaahhahaa.           
Indian movies+ indian media+ indian mentality = Mr bean movie 
Hahhahahaha","Sajid Khan","0","0","2019-02-05T06:02:59.000Z","Ugw6xzT5Ww1F8iN58_J4AaABAg","None","FALSE","VVY3do673Zc"
"Bhaart mata ki jai","Rajesh Sharma","0","0","2019-02-05T06:00:30.000Z","Ugzvln5Xv15wsY93Emp4AaABAg","None","FALSE","VVY3do673Zc"
"we have 12 thousand gaddars who dislikes this movie","Syd K","0","0","2019-02-05T05:37:06.000Z","UgxBtBWv6WiSNDHg17t4AaABAg","None","FALSE","VVY3do673Zc"
"Super trailer,<U+0001F618><U+0001F618><U+0001F618><U+0001F618><U+0001F618>","Vijay G","0","0","2019-02-05T04:35:26.000Z","UgwrLXyAqAy8Pfiw5Kp4AaABAg","None","FALSE","VVY3do673Zc"
"YouTube pr kb ayegi","Abhi Ghupta","0","0","2019-02-05T03:51:41.000Z","UgwTqQHSFoMIubdgUP94AaABAg","None","FALSE","VVY3do673Zc"
"Salute My indiann army","DHARMENDRASINH MATROJA","0","0","2019-02-05T03:15:15.000Z","Ugx_j1D8He1wVIA3bsl4AaABAg","None","FALSE","VVY3do673Zc"
"Yesterday I watched the movie in nanded in PVR, the movie is awesome, all characters were fantastic, I had goosebumps while watching the movie, the best movie of all time, Rahul gandu aur Arvind khujliwal ko ye movie dikhani chaahiye,","AASHISH BHAGAT","0","0","2019-02-05T02:30:15.000Z","UgwJzq5hLekF3NbBfnB4AaABAg","None","FALSE","VVY3do673Zc"
"https://www.google.com/amp/s/www.news18.com/amp/news/india/colonel-arrested-for-raping-junior-officers-daughter-in-himachal-pradesh-1585051.html","Food Tech","0","0","2019-02-05T01:55:57.000Z","UgxnNXxMVFrQTxTAWiZ4AaABAg","None","FALSE","VVY3do673Zc"
"I saw this movie yesterday and really I am fan of this movie<U+0001F44F><U+0001F44F><U+0001F44F><U+0001F44F><U+0001F44F><U+0001F44F><U+0001F44F><U+0001F44F>","shafik ahamad","0","0","2019-02-05T01:38:19.000Z","UgyCk_j9xgJid6cDp7Z4AaABAg","None","FALSE","VVY3do673Zc"
"hahahhaha sirf movies hi bana sakte ho india walo. noobs","JohnSmith12345able","0","0","2019-02-05T00:47:38.000Z","UgyV_PsRZyqWki5vJQ94AaABAg","None","FALSE","VVY3do673Zc"
"Waiting for a movie <U+2764>","Karan Raj","0","0","2019-02-05T00:15:25.000Z","Ugwspj9PHMSBU_yuwhJ4AaABAg","None","FALSE","VVY3do673Zc"
"Ijrail pay films kayo nahi banty ho aplg sirf Pakistan pay hi films bnta h kitna film dekhogay India ko","SHAHID HUSAIN","0","0","2019-02-04T21:14:35.000Z","UgxJ79Tf9gvZWPcLgx94AaABAg","None","FALSE","VVY3do673Zc"
"Sir esa karo 
Ki app YouTube par URI movie
Upload kardo
On Rent sabb logh dekhna psand karenge plz sir","MaNpreet SiNgh","0","0","2019-02-04T19:34:47.000Z","UgwdI5hBDUeaxrOYHFN4AaABAg","None","FALSE","VVY3do673Zc"
"shakal dekhi nai bat krte hain! sabzi daal khane wale.hathon main toh jan hai nai srf weapons use krsakte hain..useless farig log!","Eesha Waseem","0","0","2019-02-04T19:16:53.000Z","Ugz5TIa_2Niq87CptBV4AaABAg","None","FALSE","VVY3do673Zc"
"teri maa,ki kus india kbhi pakistan mei ghusne ki koshis kr tumhari bund se war ke moh se nikl aayen ge machod ke bache","mega downloads","0","1","2019-02-04T19:11:44.000Z","Ugx1pav-45Vq3jGYKMN4AaABAg","None","FALSE","VVY3do673Zc"
"pigeon se drne wale surgical strike krenge :D","Eesha Waseem","0","0","2019-02-04T19:11:38.000Z","Ugymnr-ezKqzPZazVKJ4AaABAg","None","FALSE","VVY3do673Zc"
"How is the josh","virat Kichcha","0","0","2019-02-04T19:09:37.000Z","UgwTEaFcOd3i-tshmpV4AaABAg","None","FALSE","VVY3do673Zc"
"Howz the josh!!!","ashutosh singh","0","1","2019-02-04T18:55:56.000Z","UgydrOy88QWyJL2yTAJ4AaABAg","None","FALSE","VVY3do673Zc"
"https://www.youtube.com/watch?v=H_HhOfXxXI0&t=4s
pain is always a part of every love story. Do watch it and share it","ananth shyam","0","0","2019-02-04T18:45:54.000Z","UgzdKg_JYpJTdVmoGIV4AaABAg","None","FALSE","VVY3do673Zc"
"My name is also jaskirat singh","<U+1D0A><U+1D00>s<U+1D0B><U+026A><U+0280><U+1D00><U+1D1B> s<U+026A><U+0274><U+0262><U+029C> Singh","0","0","2019-02-04T18:45:22.000Z","Ugwo5eGzwlDSW1_xthN4AaABAg","None","FALSE","VVY3do673Zc"
"Yeh Dislike bhenchod katwo ke hai.. inki maa ka bhosda","Kunal Sharma","0","0","2019-02-04T18:36:37.000Z","UgxsJMatCIxLefeXTMN4AaABAg","None","FALSE","VVY3do673Zc"
"You people can only make movies<U+0001F602><U+0001F923>and can't do anything against us in real life
So please keep making shit movies","Atif Khalid","0","1","2019-02-04T17:52:37.000Z","UgzIlVYEX-P74yOwo4h4AaABAg","None","FALSE","VVY3do673Zc"
"Salo sirf filmo me hi surgical strike dikha sakte ho Asal me tum log ki Pakistan se phatti hai you Indian Army....","Asad Maqsood","0","0","2019-02-04T17:39:20.000Z","UgyCwBZmKVVczgJ7WnV4AaABAg","None","FALSE","VVY3do673Zc"
"The face of New India and our Slogan...""Don't dare think of messing with me""! Salute to our Army. Jai Hind!!!!","Anthony Gomes","0","0","2019-02-04T17:25:00.000Z","Ugw2-kvtEIPHQXMeBiV4AaABAg","None","FALSE","VVY3do673Zc"
"Jai Hind","Kanna Girgala","0","0","2019-02-04T17:19:37.000Z","UgxM9omjVCZ64gKvRud4AaABAg","None","FALSE","VVY3do673Zc"
"Awesome","Shrimani K S","0","0","2019-02-04T17:01:54.000Z","UgwRq5Aa3jhCJXUnt-d4AaABAg","None","FALSE","VVY3do673Zc"
"Tamil dubbing is available","mak paiya","0","0","2019-02-04T16:54:39.000Z","Ugw-7KJYZalMkIIX4Rp4AaABAg","None","FALSE","VVY3do673Zc"
"People loves indian army like here .This is the answer to Porkies.This is the solution to wipe out the holy tears of our sisters who lost their husbands in militants attack.This is the only answer to innocent people and children who lost life in terror attack.We must be loyal to our govt and people and support this brave govt to strengthen our country .jai jawan jai bharath matha","shyju chelery","0","0","2019-02-04T16:47:23.000Z","UgyjFQgEOYUWAkfyZAt4AaABAg","None","FALSE","VVY3do673Zc"
"INDIAN ARMY
LIVE A LIFE LESS ORDINARY","Rajesh Yadav","0","0","2019-02-04T16:38:34.000Z","Ugydi4fR6Bdi1_okHRd4AaABAg","None","FALSE","VVY3do673Zc"
"12k terrorist dislike the video","Vijendra Shyam","0","0","2019-02-04T16:35:45.000Z","UgzeqrHdIAJfFaWDKU14AaABAg","None","FALSE","VVY3do673Zc"
"Superb Movie","Arun raj.s raj","0","1","2019-02-04T16:32:54.000Z","Ugx0KSyTPU5fFL3ZFHR4AaABAg","None","FALSE","VVY3do673Zc"
"Agar kisi ko mera comment sa problem ha to 
faheemkhan4628@gmail.com
Per mms ya sms kar sakta ha","Amazing Malomat","0","0","2019-02-04T16:21:15.000Z","Ugx-mTFTjKBAWOHsYYJ4AaABAg","None","FALSE","VVY3do673Zc"
"Film ache ha lekin tumhara dam sirf filmo ma hi ha warna kaha hamara chota sa mulk aur chote si fawaj our tumhari gand ma mirchi dalta rehta ha","Amazing Malomat","1","0","2019-02-04T16:19:45.000Z","UgwfUQWlXhPq_1j9L214AaABAg","None","FALSE","VVY3do673Zc"
"How's the Josh??? 
Tell me by liking my comment","seema kagra","0","0","2019-02-04T16:15:21.000Z","Ugwn7t9Q4heKzUdgkUJ4AaABAg","None","FALSE","VVY3do673Zc"
"I love India I love INDIAN ARMY","Prasad Ayare","0","0","2019-02-04T16:12:43.000Z","UgxGh5vHjpSvD2P9jpZ4AaABAg","None","FALSE","VVY3do673Zc"
"jai modi ji","Aishwarya H Shetty","0","0","2019-02-04T16:07:00.000Z","UgwDNoyrpJrPI3b-6614AaABAg","None","FALSE","VVY3do673Zc"
"One minute silence for those who disliked this trailer","Vinay V","0","0","2019-02-04T16:06:39.000Z","UgwesxdVgLeuL2cwR-54AaABAg","None","FALSE","VVY3do673Zc"
"Osm movie","Rajni Banga","0","0","2019-02-04T15:56:34.000Z","Ugy6UKo5b0VqgngXtSF4AaABAg","None","FALSE","VVY3do673Zc"
"Only 12 million views  but movie ne Sahi M phad di any one here after Watching Movie","Anuj Thakkar","0","0","2019-02-04T15:36:31.000Z","Ugy0ehIJZABQv_3bTuN4AaABAg","None","FALSE","VVY3do673Zc"
"It should have been ""Surgical strike at railway station by Indians early in the morning"" <U+0001F4A9><U+0001F4A9><U+0001F4A9><U+0001F4A9><U+0001F4A9>","Kashmir The Glimpse of Eternal Paradise J&k","0","0","2019-02-04T15:24:29.000Z","Ugx8HS6BTl14EfHuEaZ4AaABAg","None","FALSE","VVY3do673Zc"
"Copy. Bola yeh naya india ha","Hamza Bhati","0","0","2019-02-04T15:20:58.000Z","UgzUapg-KKJ0qVUQkfZ4AaABAg","None","FALSE","VVY3do673Zc"
"I have seen the movie but for bhi I m seeing it.... It's awesome man...

How's the Josh?","Kuldeep Sharma","0","0","2019-02-04T15:14:52.000Z","UgxGchV-0RAuVVrIuq94AaABAg","None","FALSE","VVY3do673Zc"
"https://youtu.be/w6VLzKACnS8
This is the <U+0001F426>","rohit pandey","0","0","2019-02-04T14:35:28.000Z","UgwzyiFkLilK8U227vx4AaABAg","None","FALSE","VVY3do673Zc"
"May be dislikes from Pakistan","Gopi","0","0","2019-02-04T14:04:33.000Z","Ugw-xyXaDPgNVZiY3lV4AaABAg","None","FALSE","VVY3do673Zc"
"Naa Indian army ma himt thi aur na hai aur na kbi ho gi k wo kisi Pakistani soldier ki ankh ma ankh dal ske surgical strick to boht dur ki bt hai","Adeel Hassan","0","0","2019-02-04T13:49:40.000Z","UgwIiboUc6iAr6fIsFV4AaABAg","None","FALSE","VVY3do673Zc"
"PROUD TO BE A SON OF AN INDIAN ARMY OFFICER.. JAI HIND... HOW IS THE JOSH!?!?","TECHNICAL DADA","0","0","2019-02-04T13:45:08.000Z","UgzozpMPjEOiYWng_uR4AaABAg","None","FALSE","VVY3do673Zc"
"Best film ever......","Pragya Verma","0","0","2019-02-04T13:40:43.000Z","UgzZY2fdVlNcwkRazTp4AaABAg","None","FALSE","VVY3do673Zc"
"Me kbhi movie nhi dekhti bt mene ye dekhi jo ki direct mere dil ko chhu gayi","Pragya Verma","0","0","2019-02-04T13:39:44.000Z","UgxLNFFp_0rmAXkJsl54AaABAg","None","FALSE","VVY3do673Zc"
"Plz watch this movie....","Heath wellness","0","0","2019-02-04T13:17:16.000Z","UgwB9Ff112yHcYUnXft4AaABAg","None","FALSE","VVY3do673Zc"
"Naya Hindustan hahahaha jhut bolta h ye hindustan ki govt aur awam bechari khush h","Durmohmad Buriro","0","0","2019-02-04T13:10:42.000Z","UgyBD-mfUnww2hJ5huZ4AaABAg","None","FALSE","VVY3do673Zc"
"Sirf film main Hi kar saktay Ho sergical strike buzdil indians","Dani Mir","0","0","2019-02-04T13:09:50.000Z","UgzbJNElca5yBXhLnMF4AaABAg","None","FALSE","VVY3do673Zc"
"Bhai abb to aa gyii hogi ye you tube pr...
Agar aa gyii ho to link bhej do...","shivam Badshapuria","0","1","2019-02-04T12:50:04.000Z","UgyRododG-N8jMmNC9V4AaABAg","None","FALSE","VVY3do673Zc"
"Are yar rongte khade hogaye","NARASIMHA DESHPANDE","0","0","2019-02-04T12:46:34.000Z","UgxiPvHoa6bvQ_YeVvl4AaABAg","None","FALSE","VVY3do673Zc"
"Who is 11k bastard get out my nation","Goudappagouda Patil","0","0","2019-02-04T12:26:01.000Z","UgzwVCiLpLjqebJgn3B4AaABAg","None","FALSE","VVY3do673Zc"
"How is the Josh?","Basava maasti","0","0","2019-02-04T12:21:42.000Z","UgzbajB6O5YoziHVh7x4AaABAg","None","FALSE","VVY3do673Zc"
"Haha salo sirf movies mein hi surgical strike dikha sakty ho reality mein to dunia ko aik sabot bhi nh de saky ar tmari khasi army pr dunia hassi.","Asif Mehmood","0","0","2019-02-04T12:20:19.000Z","UgxcW5Zdecp19xBFJqh4AaABAg","None","FALSE","VVY3do673Zc"
"Bakvaas Jooth Jooth Jooth","ALM Balwinder","0","0","2019-02-04T12:09:05.000Z","UgxqoKJDyJEPTcn3hK14AaABAg","None","FALSE","VVY3do673Zc"
"copied from hollywood blockbusters pathetic bollywood","vinod punwani","0","0","2019-02-04T11:55:52.000Z","UgxjHRCZ8f28yBiJBhJ4AaABAg","None","FALSE","VVY3do673Zc"
"Yeh 11k dislike wale Pakistan se Hein kya","HP 37","0","0","2019-02-04T11:48:03.000Z","UgyDm5UPAs951WEtHK94AaABAg","None","FALSE","VVY3do673Zc"
"Watched this movie today it's really amazing","Yash FC","0","0","2019-02-04T11:43:04.000Z","UgwGMBnxOnBQW7yebJN4AaABAg","None","FALSE","VVY3do673Zc"
"A suur e olad tumhare bate samajh nahi ate bhosdi ki pahla apnai walai ko tek Kar phir bata","khan Awais TV","0","1","2019-02-04T10:51:49.000Z","UgyQX5mOvIIiF8sCn254AaABAg","None","FALSE","VVY3do673Zc"
"We all went to watch uri with our school and principle (smt Brahma Devi saraswati balika vidya mandir hapur) today. Super excellent movie really","Kritesh Khangore","0","0","2019-02-04T10:50:29.000Z","Ugzhzw3LARgo0jyy0lx4AaABAg","None","FALSE","VVY3do673Zc"
"Ab  khosh ho","khan Awais TV","0","1","2019-02-04T10:48:59.000Z","UgzHyC7OYf-99ibQKkZ4AaABAg","None","FALSE","VVY3do673Zc"
"Chalo  tera dislike kiya an hosh","khan Awais TV","0","1","2019-02-04T10:48:26.000Z","UgyBL_iTxSNGVHl5Ydl4AaABAg","None","FALSE","VVY3do673Zc"
"Kaisa he josh.. Superb movie..","umeshkg2005","0","0","2019-02-04T10:42:57.000Z","UgzXoe-KtBvfuI0cpkt4AaABAg","None","FALSE","VVY3do673Zc"
"How is the Josh? (True Indian will definitely reply)","Akshit rastogi","1","1","2019-02-04T10:40:05.000Z","UgyDcgBoV7bB_Su705h4AaABAg","None","FALSE","VVY3do673Zc"
"Bass 11K paki compared to 220K Indians... yahi faisla ho jaata hai ... kis main hai kitna dum..  Jai Hind!","Subrato Das","0","0","2019-02-04T10:37:44.000Z","UgwVomJ9YX5RwDIY4kh4AaABAg","None","FALSE","VVY3do673Zc"
"yet you still make your movies in Urdu, National Language of Pakistan <U+0001F602>","Hamza Khan","0","0","2019-02-04T10:30:56.000Z","UgypftX-P5CCti5mqsp4AaABAg","None","FALSE","VVY3do673Zc"
"11k terarists are unliked. Mother fuckers<U+0001F608>","amz mh","0","1","2019-02-04T10:09:20.000Z","UgzC7OxQILJrcbR-Yg94AaABAg","None","FALSE","VVY3do673Zc"
"Nice film..<U+0001F601><U+0001F601><U+0001F618><U+0001F618><U+0001F618><U+0001F618><U+0001F618><U+0001F618><U+0001F618>","amz mh","0","1","2019-02-04T10:06:34.000Z","UgxUciA3PEmAtc55jYJ4AaABAg","None","FALSE","VVY3do673Zc"
"<U+0D07><U+0D19><U+0D4D><U+0D19><U+0D4B><U+0D1F><U+0D4D><U+0D1F><U+0D4D> <U+0D15><U+0D47><U+0D31><U+0D3F> <U+0D1A><U+0D4A><U+0D30><U+0D3F><U+0D1E><U+0D4D><U+0D1E><U+0D35><U+0D28><U+0D4D><U+0D31><U+0D46> <U+0D2E><U+0D3E><U+0D33><U+0D24><U+0D4D><U+0D24><U+0D3F><U+0D7D> <U+0D2A><U+0D4B><U+0D2F><U+0D3F> 16<U+0D28><U+0D4D><U+0D31><U+0D46> <U+0D2A><U+0D23><U+0D3F><U+0D15><U+0D4A><U+0D1F><U+0D41><U+0D24><U+0D4D><U+0D24><U+0D41> <U+0D07><U+0D28><U+0D4D><U+0D24><U+0D4D><U+0D2F><U+0D7B> <U+0D06><U+0D7C><U+0D2E><U+0D3F> <U+0001F44D><U+0001F44D><U+0001F44D><U+0001F44D> <U+0D06> <U+0D38><U+0D02><U+0D2D><U+0D35><U+0D24><U+0D4D><U+0D24><U+0D3F><U+0D28><U+0D4D><U+0D31><U+0D46> <U+0D05><U+0D24><U+0D3F><U+0D2E><U+0D28><U+0D4B><U+0D39><U+0D30><U+0D2E><U+0D3E><U+0D2F> <U+0D26><U+0D43><U+0D36><U+0D4D><U+0D2F><U+0D3E><U+0D35><U+0D3F><U+0D37><U+0D4D><U+200C><U+0D15><U+0D3E><U+0D30><U+0D02>...  <U+0D09><U+0D2B><U+0D4D><U+0D2B><U+0D4D> <U+0D0E><U+0D7B><U+0D1C><U+0D3E><U+0D24><U+0D3F> <U+0D31><U+0D4B><U+0D2E><U+0D3E><U+0D1C><U+0D3F><U+0D2B><U+0D3F><U+0D15><U+0D4D><U+0D15><U+0D47><U+0D37><U+0D7B>.  Hats of for creators <U+0001F44F><U+0001F44F><U+0001F44F><U+0001F44F><U+0001F44C>","Mahesh Raj","0","0","2019-02-04T09:50:44.000Z","UgwB7tBESNG0gJH4ys14AaABAg","None","FALSE","VVY3do673Zc"
"Jai Hind ki Sena","Er. Abdul Vahid","0","0","2019-02-04T09:45:32.000Z","Ugw_Pq4oOkoVITSkeeF4AaABAg","None","FALSE","VVY3do673Zc"
"Heavy Music...yar
Jai Hind <U+0001F1EE><U+0001F1F3>","Shoaib S7","0","0","2019-02-04T09:30:47.000Z","Ugwz1OpQrcBLeqs2hyh4AaABAg","None","FALSE","VVY3do673Zc"
"<U+0001F525> <U+0001F525> <U+0001F1EE><U+0001F1F3><U+0001F1EE><U+0001F1F3><U+0001F64F><U+0001F1EE><U+0001F1F3><U+0001F1EE><U+0001F1F3>","Prijan Maity","0","0","2019-02-04T08:25:08.000Z","UgwovxLY6bcijFLIc3h4AaABAg","None","FALSE","VVY3do673Zc"
"Damn... awesome <U+0001F64C><U+0001F44D>","Isha Sharma","0","0","2019-02-04T08:23:40.000Z","UgwpkKMRUGFcqDX-vi54AaABAg","None","FALSE","VVY3do673Zc"
"Gorkha<U+270A><U+270A>","Pravin Yadav","0","0","2019-02-04T07:48:38.000Z","UgxC7Biea4MqXZyxRrV4AaABAg","None","FALSE","VVY3do673Zc"
"11k who dislike should identify , find those terrorist and punished , i believe some of them from INDIA","aashish pandey","0","0","2019-02-04T07:29:14.000Z","UgwdS7paa8WyFCxZuzd4AaABAg","None","FALSE","VVY3do673Zc"
"Jai hindhustan...","madhava mahendra","0","0","2019-02-04T07:21:38.000Z","UgzbgTOAyaCjN-of7Mx4AaABAg","None","FALSE","VVY3do673Zc"
"Nice","ashutosh gupta","0","0","2019-02-04T07:20:14.000Z","Ugzz-LLcByvIUX975a54AaABAg","None","FALSE","VVY3do673Zc"
"This movie is great because the movie about to sarjikal strike","nehal launjej","0","0","2019-02-04T07:14:19.000Z","UgwHqkw6oU5RVt4H9ld4AaABAg","None","FALSE","VVY3do673Zc"
"Hehehe 19 unarmed soldiers...","imran amrez","0","0","2019-02-04T06:17:29.000Z","Ugx3erRmOy7uIWfQM2d4AaABAg","None","FALSE","VVY3do673Zc"
"Kya film hai sir","Suraj Kumar","0","0","2019-02-04T05:21:28.000Z","UgwGG4qt-u0FdOUxxgF4AaABAg","None","FALSE","VVY3do673Zc"
"Adorable movie","Prashant Singh","0","0","2019-02-04T04:28:51.000Z","UgyI31HAqfCE3y1B6AJ4AaABAg","None","FALSE","VVY3do673Zc"
"It's osm movie I have been watched it","Nagaraj Bachahalli","0","0","2019-02-04T04:25:32.000Z","UgxlYyt0F3SFwkqsc9B4AaABAg","None","FALSE","VVY3do673Zc"
"*Jab Indian army Apne aukad me aengi na to unke hi banduko ke pudiya banakar unke hi gaand me gused denge na Haag niklegi na paad phir zindagi bhar karte rahenge ‘alla o Akbar’*
*Jai hind*","Vijaykumar Vasav","0","0","2019-02-04T04:08:03.000Z","UgxFkHG46SEjh7q02sF4AaABAg","None","FALSE","VVY3do673Zc"
"Jai Hind....<U+0001F1EE><U+0001F1F3><U+0001F1EE><U+0001F1F3>","Shefali Dutta","0","0","2019-02-04T04:06:40.000Z","Ugy-kidzIpmEIRPSgIx4AaABAg","None","FALSE","VVY3do673Zc"
"What a trailer!!!!!!!<U+0001F44D><U+0001F44D><U+0001F44D><U+0001F44D><U+0001F44C><U+0001F44C><U+0001F44C><U+0001F44C>","Hariom Singh","0","0","2019-02-04T03:34:43.000Z","UgwIniTBYBaR04lMb9J4AaABAg","None","FALSE","VVY3do673Zc"
"Indian ab yahe daik k khosh ho bas ku k haqeeeqat main to in sy kuch hota nhe hy....hahahahaha
Baki filmo maain he strike kar sakty hain","Mattital de Shan","0","0","2019-02-04T02:53:35.000Z","UgznN5ZRPZZbQVpBa554AaABAg","None","FALSE","VVY3do673Zc"
"How's the Josh? High sir","Kartik batchu","0","0","2019-02-04T02:13:04.000Z","Ugw-Ti9XZa7wwJUJ2dt4AaABAg","None","FALSE","VVY3do673Zc"
"balidaan param dharam","KUNAL ARORA","0","0","2019-02-04T00:45:19.000Z","Ugzutryv_0CArl6mP5t4AaABAg","None","FALSE","VVY3do673Zc"
"72 hooro Wala dialogue could have doubled its budget man!!
Remove nahi krna Tha.","auspi ME","0","0","2019-02-03T21:21:44.000Z","UgyMVZ7intS9WsEGsut4AaABAg","None","FALSE","VVY3do673Zc"
"Awsome movie.. salute to Indian Army<U+0001F1EE><U+0001F1F3>... Proud to have a PM like Modi ji. <U+0001F1EE><U+0001F1F3>","Preeti Bains","0","0","2019-02-03T21:06:27.000Z","UgwmsM8lq9Odvcpcei94AaABAg","None","FALSE","VVY3do673Zc"
"Pakistani here: Will be interested in how this movie portrays the events that happened at Uri in 2016. I hope it isn’t just another patriotic exploitation of a tragic event to brainwash Indians into hating Pakistanis and shows the mistakes made by both countries in the aftermath of the slaughter at Uri.","Sarah THEONE","0","0","2019-02-03T20:33:43.000Z","UgyY9D69PFP9IdtsBqt4AaABAg","None","FALSE","VVY3do673Zc"
"very nice movie","Prashant Jha","0","0","2019-02-03T20:00:18.000Z","UgxPfWWQuHcUwBmx7zN4AaABAg","None","FALSE","VVY3do673Zc"
"Dislike wale sale Indian mulle yani lund Kate hue log he sale suar ki olad","Amar Singh Solanki","0","0","2019-02-03T19:42:00.000Z","UgxjtXZ_PIpuiXIqGnZ4AaABAg","None","FALSE","VVY3do673Zc"
"<U+0001F602><U+0001F602><U+0001F602><U+0001F602><U+0001F602><U+0001F602><U+0001F602><U+0001F602><U+0001F602><U+0001F602><U+0001F602><U+0001F602><U+0001F602><U+0001F602>","USAMA KARAMAT","0","0","2019-02-03T19:40:23.000Z","Ugw_90wBnxxA3alZ0914AaABAg","None","FALSE","VVY3do673Zc"
"May be this movie is worth to watch. But why spreading so much hate between two countries...","Faiz urrahman","0","0","2019-02-03T19:30:12.000Z","UgzcpKfYoLLk0JP3PXF4AaABAg","None","FALSE","VVY3do673Zc"
"Super movie","Muhammed Asif","0","0","2019-02-03T18:56:26.000Z","UgykmM0KhM_qqDE-flF4AaABAg","None","FALSE","VVY3do673Zc"
"1:29
How's the josh...?","Nikhil Raj","0","0","2019-02-03T18:52:05.000Z","UgxvDjg_z0VzxLcC7gV4AaABAg","None","FALSE","VVY3do673Zc"
"@Amazing spiderman,
Tum kyu certificate de rahe ho.
India se itni nafrat kyu ????
Rahi baat dum ki , woh toh humne 1965, 1971 , 1999 main already dikha diya. Hum log khud ke takhat par defend karte hey. Tumhari tarah China aur USA se bhik nahi mangte.
Mirchi toh tumhe lag gayi hey jab Israel aur USA se humari dosti hui.
We do not hate pak civilians.
We love them also but these terrorist are interrupting to meet & stay us in peace.","Yogesh Gangurde","0","0","2019-02-04T16:35:45.000Z","UgwfUQWlXhPq_1j9L214AaABAg.8qwLyrs36Qe8qwNo4khi98","UgwfUQWlXhPq_1j9L214AaABAg","Amazing Malomat","VVY3do673Zc"
"High","Akshit rastogi","0","0","2019-02-04T10:40:26.000Z","UgyDcgBoV7bB_Su705h4AaABAg.8qvk653E2OQ8qvk8gHskBh","UgyDcgBoV7bB_Su705h4AaABAg","Akshit rastogi","VVY3do673Zc"
"Kangana Ranaut : Salute to you for the epic performance you have given in the movie. Every short of the movie you are in is magical and full with passion. You symbolise what Glory, Valour and Strength is . Just like always you have proved once again why you are the real queen of Indian Cinema.","Deepak8735","0","0","2019-02-05T06:08:07.000Z","Ugyz028yBbWYXrArT_h4AaABAg","None","FALSE","tKmkMVaNu9g"
"Amazed that the movie has still not crossed the 100cr mark what is wrong with Indian audience why are they not watching this brilliant piece of art.
We are always rushing to make movies like race 3, toh, zero which have zero content but still go on to make money like 300cr and here a movie like Manikarnika does not even get close to the money spent on making the movie.

There is definitely something wrong with the Indian audience.
Disappointed","Deepak8735","0","0","2019-02-05T06:01:00.000Z","UgxZtPFOTetYrfi1G9Z4AaABAg","None","FALSE","tKmkMVaNu9g"
"Best movie","Yogesh Karale","0","0","2019-02-05T05:56:07.000Z","UgzNBvA91I7lBKXIJw54AaABAg","None","FALSE","tKmkMVaNu9g"
"best movie ever i had seen","The Exquisite Music","0","0","2019-02-05T05:15:14.000Z","UgzJ1Sk95LM1Csk7Y154AaABAg","None","FALSE","tKmkMVaNu9g"
"Ansu jarur ate hai per !Garv mahasus hota hai jb bhi aisi movie dekhte hai ! <U+0001F60D>
Jai hind <U+2764><U+FE0F>
Jai bharat<U+2764><U+FE0F>","Amit shivnani","0","0","2019-02-05T05:01:52.000Z","UgzvQtyIEvYd4rUJpv14AaABAg","None","FALSE","tKmkMVaNu9g"
"Osm movie my love, my idol ran I lxmi bai , jhsi ki rani","Neelam Sahu","0","0","2019-02-05T04:37:39.000Z","UgyEkU-xXMGnTRu-vsV4AaABAg","None","FALSE","tKmkMVaNu9g"
"Har Har mahadeo","Ravindra Bankar","0","0","2019-02-05T04:01:14.000Z","Ugx3QL7zHi3ZG23xMTh4AaABAg","None","FALSE","tKmkMVaNu9g"
"That was badass!","HettyPatel","0","0","2019-02-05T03:52:37.000Z","Ugx0iZmnRapftubnNhh4AaABAg","None","FALSE","tKmkMVaNu9g"
"That was badass!","HettyPatel","0","0","2019-02-05T03:52:37.000Z","Ugxtj1VlofbxIWf7U1t4AaABAg","None","FALSE","tKmkMVaNu9g"
"That was badass!","HettyPatel","0","0","2019-02-05T03:52:37.000Z","UgzXpKptGf7J_rtwqvV4AaABAg","None","FALSE","tKmkMVaNu9g"
"bhenchood.... British people can't speak hindi in there accent <U+0001F621><U+0001F912> ye chodu 90's ka bollywood","Nikhil Bargaje","0","0","2019-02-05T01:46:00.000Z","UgxzcgUTsKxr4jtHkz54AaABAg","None","FALSE","tKmkMVaNu9g"
"To all... ur real praise will be counted or be proven true only when u wil go to theater to watch it with family... 
Love n urge from Bangladesh
For all #Kangana fans ...","The Journeys & Lessons of Life","0","0","2019-02-04T20:40:02.000Z","UgwaKK2VhE6vAQUZ6cJ4AaABAg","None","FALSE","tKmkMVaNu9g"
"Kangana you are one man army even in real life. Thank you for giving the actual showcase of Bollywood, now I felt how terrible the Bollywood industry is.. if people cannot appreciate the real talent and what you see is only money cravers then there is no need of this kind of industry.. Bollywood giving terrible example to us.","nupur chaurasia","0","2","2019-02-04T20:07:36.000Z","Ugw2VCoboQthiKaWiQ54AaABAg","None","FALSE","tKmkMVaNu9g"
"Love from Pakistan <U+0001F1F5><U+0001F1F0><U+2764><U+FE0F><U+0001F525>","Abdullah Bhutta","0","0","2019-02-04T19:53:27.000Z","UgwGGnxWXsPeL_HscF14AaABAg","None","FALSE","tKmkMVaNu9g"
"Ab bar des bata to yehi roop legendary. Har Har mahadev","dharmesh patel","0","0","2019-02-04T19:37:17.000Z","UgzkK-ajnAetXktJ-R54AaABAg","None","FALSE","tKmkMVaNu9g"
"Khali sigaret kum pro","dharmesh patel","0","0","2019-02-04T19:34:31.000Z","UgzjX1tOmz65h-TCZ6p4AaABAg","None","FALSE","tKmkMVaNu9g"
"Jio kangana","dharmesh patel","0","0","2019-02-04T19:33:46.000Z","Ugy5LStMioXkJJKBhnR4AaABAg","None","FALSE","tKmkMVaNu9g"
"Shame on Indians! 

This movie should be even bigger hit than Dangal, PK, DDLJ and K3G! 

Indians want to watch item numbers containing vulgar nonsense lyrics with naked girls, hot kissing scenes, sex comedies in the name of women empowerment and the masala no-brainers earn 200 or 500 crores within the first few weeks but they can’t get a movie on Rani Laxmibai  in the league of those trashy movies in terms of BO collection! <U+0001F60F><U+0001F60F><U+0001F60F><U+0001F60F>

At least, Britishers are still proud & more patriotic to their country than the bloody moronic Indian junta, British are still proud of their history & colonialisation!   

I have lost faith in the Indian audience & I am so ashamed to be an Indian!","Just The Way I Dream","1","1","2019-02-04T18:53:33.000Z","UgzqQBb2iQB7pnNrB-x4AaABAg","None","FALSE","tKmkMVaNu9g"
"I don't like kangona but I am waiting the movie.","nripen roy","0","0","2019-02-04T18:39:35.000Z","UgwVbPmHY-MBggcqj7l4AaABAg","None","FALSE","tKmkMVaNu9g"
"proud to be an indian","Yogendra Yadav","0","0","2019-02-04T18:33:16.000Z","UgwronlO5W2vlVBmNCF4AaABAg","None","FALSE","tKmkMVaNu9g"
"Bhut achi movie hai 
Sabhi ko dekhni chahiye
<U+0001F44C><U+0001F44D>","Vicky abrol","0","0","2019-02-04T17:34:21.000Z","Ugxco-VuZZx24aBBwi14AaABAg","None","FALSE","tKmkMVaNu9g"
"I Love Movie... Superb... after watching,but why at the end of the story must die..so get emotional..","Rubby Yanto","0","0","2019-02-04T17:33:35.000Z","UgwZlpmWeGYkntkzE194AaABAg","None","FALSE","tKmkMVaNu9g"
"The movie is awesome plz watch it hit like if u have watched the movie and loved it","Ranveer Chavare","0","0","2019-02-04T17:21:44.000Z","UgwiIFySzOys-WKLo0h4AaABAg","None","FALSE","tKmkMVaNu9g"
"flop movie  oh <U+0001F606><U+0001F606><U+0001F606><U+0001F606> flop movie time waste no use this movie <U+0001F606><U+0001F606><U+0001F606><U+0001F606><U+0001F606>","kiran Kumar","0","0","2019-02-04T16:51:28.000Z","Ugyb2YN_ldbWAuVImX54AaABAg","None","FALSE","tKmkMVaNu9g"
"A must watch... Superb movie... Amazing acting by Kangana... She should get another National Award for this... Aapke liye respect aur bad gayi Kangna ji... Salute","Isha Agarwal","0","0","2019-02-04T16:37:49.000Z","UgzsI_4WI_mwYfD6NMZ4AaABAg","None","FALSE","tKmkMVaNu9g"
"Watched the movie today. It is awesome. Kangana did not just act brilliantly but she is a brilliant Director too. 

The difference between Manikarnika & URI is that Manikarnika is very feminine (which is the way it should be)whereas URI is masculine. But the common thing is both portray love for the country, Nationalism, Sacrificing life for the country in a similar way. One can feel that when you see both the movies.

Must watch movie of the year. Take Kids to this movie.","Aragonda Jyosna","0","0","2019-02-04T15:15:16.000Z","Ugw9kCKVLFOWUf8cFxN4AaABAg","None","FALSE","tKmkMVaNu9g"
"Master piece..  Pride.","Pallavi Kocharekar","0","0","2019-02-04T15:02:46.000Z","UgzmqvQe2DSpwNuGQ6N4AaABAg","None","FALSE","tKmkMVaNu9g"
"kangana proved that no else is there like rani lakshmi bai ji","Khushi Khandelwal","0","0","2019-02-04T14:36:10.000Z","UgwuMNrijjIG4DM8fbB4AaABAg","None","FALSE","tKmkMVaNu9g"
"sir can u upload this muvie i want see bcoz i cant find this","Ayesha Rajpt","1","0","2019-02-04T14:20:13.000Z","Ugyc-bRf5eplxRVmB5Z4AaABAg","None","FALSE","tKmkMVaNu9g"
"Unbelievable movie superb job kanganaa ranout.aisi movie aj tak nahi dekhi.aapne jhansi ki rani ki gatha duniya ke samane laadi","Kishor Verma jp","0","0","2019-02-04T14:20:00.000Z","UgwfE3RmZcIg6g-dQzB4AaABAg","None","FALSE","tKmkMVaNu9g"
"I am proved you rani laxmi bayi and i am proved i am indian","Imran khan Khan","0","0","2019-02-04T14:18:13.000Z","UgwtWt5AYxrYEzCuCHt4AaABAg","None","FALSE","tKmkMVaNu9g"
"kangana is queen of indian film industry  i selute her acting","Ayesha Rajpt","0","0","2019-02-04T14:16:44.000Z","Ugw2UH1RBm2lDwg8hBd4AaABAg","None","FALSE","tKmkMVaNu9g"
"upload b kr do yr","Ayesha Rajpt","0","0","2019-02-04T14:15:10.000Z","UgwJx1MODn0LvfpI6AR4AaABAg","None","FALSE","tKmkMVaNu9g"
"I saw the movie","Urmila Patel","0","0","2019-02-04T14:11:29.000Z","UgypNbmgEdlU-jYLCJ94AaABAg","None","FALSE","tKmkMVaNu9g"
"I watched this movie in Norway, really impressive movie.","Damodar Sapkota","0","0","2019-02-04T13:34:57.000Z","UgxBzdhEESC4jRbm2I14AaABAg","None","FALSE","tKmkMVaNu9g"
"Awesome movie","Music & I","0","1","2019-02-04T13:27:25.000Z","UgxkZqP6sWZ0S5814x54AaABAg","None","FALSE","tKmkMVaNu9g"
"BesMovie i ever watched","Paurnima More","0","0","2019-02-04T11:57:44.000Z","Ugw-zUxSi6L2S6n-9i54AaABAg","None","FALSE","tKmkMVaNu9g"
"Very beautiful","Suhas Joshi","0","0","2019-02-04T11:56:22.000Z","UgzX3YihoFnwKhLwLyh4AaABAg","None","FALSE","tKmkMVaNu9g"
"Aisi film banni chahiye aur dekhna chahiye","TADKA LIFE","0","0","2019-02-04T11:50:56.000Z","UgxXhMjwYUndKCnGko94AaABAg","None","FALSE","tKmkMVaNu9g"
"Awesome movie <U+0001F44C><U+0001F44C><U+0001F44C>","monu kanwar","0","1","2019-02-04T11:49:16.000Z","UgzQLp9HjRxpYItwutV4AaABAg","None","FALSE","tKmkMVaNu9g"
"Who is here afyer watching the movie for some scenes<U+0001F60A><U+0001F605><U+0001F605>","Ekaansh Singh","0","1","2019-02-04T11:44:36.000Z","UgzLLbFNAyxICqfwiRB4AaABAg","None","FALSE","tKmkMVaNu9g"
"<U+0001F44D><U+0001F44D><U+0001F44D><U+0001F44D><U+0001F44D><U+0001F44D><U+0001F44D><U+0001F44D><U+2764><U+2764><U+2764>","Moideen express","0","0","2019-02-04T11:29:03.000Z","Ugydxg-KuwiWCFaNTaV4AaABAg","None","FALSE","tKmkMVaNu9g"
"Superb movie... <U+0001F44C>","Jagruti Vasava","0","0","2019-02-04T11:14:23.000Z","UgwiigN2ONy-a8sP_j54AaABAg","None","FALSE","tKmkMVaNu9g"
"First transgender in indian industry. Kangana. Well done <U+0001F44D>","waqas jamal","0","0","2019-02-04T10:20:19.000Z","UgzgVEsnC8D5Gw91cxl4AaABAg","None","FALSE","tKmkMVaNu9g"
"Very nice... <U+0001F44D><U+0001F44D><U+0001F44D><U+0001F44D><U+0001F44D><U+0001F44D>","Sonia Panda","0","0","2019-02-04T10:08:48.000Z","UgxedTq4HvD5eSO_Fot4AaABAg","None","FALSE","tKmkMVaNu9g"
"Watched it yesterday.... hats off to the entire team of manikarnika... It is a great film... everyone should watch it...I liked the bgm very much by Shankar ehsaan loy... very good acting by everyone...best performance by Kangana Ranaut...","The SPM","0","0","2019-02-04T09:22:28.000Z","Ugz953-CFh8NuqsvufB4AaABAg","None","FALSE","tKmkMVaNu9g"
"Kangna Ranaut born to be Indian <U+0001F4AF><U+0001F4AA><U+0001F1EE><U+0001F1F3> Indian pride and I want manikarnika part 2 and you most reputed person in our indian bollywood industry and everyone's wanted to be like you cuz you always wants to see India cones first' on the top and this will show when you deal with every problem comes at you but you know how to deal all bad problem <U+0001F4AA><U+0001F1EE><U+0001F1F3><U+0001F4AF> You so brave and trustworthy actress in bollywood and i really every person in bollywood like Salman Khan and Amir Khan and sharu Khan etc who do bad things for India <U+0001F1EE><U+0001F1F3> Kangna Ranaut is golden girl for India and she's real queens of bollywood","Shimpoo Kumar","0","1","2019-02-04T09:01:12.000Z","UgyOfeqINCsSutKfvhd4AaABAg","None","FALSE","tKmkMVaNu9g"
"who else here after watching this amazing movie hit like plz","niti singh","0","6","2019-02-04T07:57:12.000Z","UgzrhK_TKrwkBiWqKnp4AaABAg","None","FALSE","tKmkMVaNu9g"
"best scene 2:45","Saransh Delaware","0","0","2019-02-04T07:56:03.000Z","UgzVLUstF5fAi3sBRSR4AaABAg","None","FALSE","tKmkMVaNu9g"
"Ur acting n expressions... kill me<U+0001F44D><U+0001F3FB>","Akashdeep Singh","0","1","2019-02-04T07:54:47.000Z","UgwSkleILwdNcLIQ1V54AaABAg","None","FALSE","tKmkMVaNu9g"
"Goosebumps.................... Osam","sangeeta singh","0","0","2019-02-04T07:37:44.000Z","UgxO6LR4a3VB3jIt4rF4AaABAg","None","FALSE","tKmkMVaNu9g"
"Mast","Rupali Ghatge","0","0","2019-02-04T06:54:34.000Z","UgxwVfCl2kFBI7dywtt4AaABAg","None","FALSE","tKmkMVaNu9g"
"lajavab","Pammy Pandeet","0","0","2019-02-04T06:42:14.000Z","Ugyz5xmRSZkkxX5w_O54AaABAg","None","FALSE","tKmkMVaNu9g"
"<U+0916><U+0941><U+092A><U+091A> <U+091B><U+093E><U+0928>","Tukaram Maharaj Ghadge","0","0","2019-02-04T06:41:02.000Z","UgyKEtl4B2N-5vST0ct4AaABAg","None","FALSE","tKmkMVaNu9g"
"very nice","Prabhat kumar pandey","0","1","2019-02-04T06:25:06.000Z","Ugy1DrScdUPHOMh5J2d4AaABAg","None","FALSE","tKmkMVaNu9g"
"super hit nice movie","Shyam Patel","0","0","2019-02-04T06:22:32.000Z","UgzCZMdrgGrAFFyQUhx4AaABAg","None","FALSE","tKmkMVaNu9g"
"Great work krish.
But I wish....U directed the entire movie, which would have been amazing portrait of real story that happened.","Devisri Reddy N","0","0","2019-02-04T05:41:44.000Z","UgzkQc36ALj6F4SRXQp4AaABAg","None","FALSE","tKmkMVaNu9g"
"Very nice trailer","Vipin Vinayak","0","0","2019-02-04T05:38:06.000Z","UgyC5L0YqSirWxwBqJ94AaABAg","None","FALSE","tKmkMVaNu9g"
"<U+0907><U+0924><U+093F><U+0939><U+093E><U+0938> <U+092E><U+0947><U+0902> <U+0918><U+093E><U+0932><U+092E><U+0947><U+0932>
<U+092C><U+094D><U+0930><U+093E><U+0939><U+094D><U+092E><U+0923> <U+0936><U+094D><U+0930><U+0947><U+0937><U+094D><U+091F> <U+0915><U+093E> <U+0939><U+093F><U+0902><U+0926><U+0941><U+0924><U+094D><U+0935>
<U+0913><U+0930> <U+0909><U+0917><U+094D><U+0930> <U+0930><U+093E><U+0937><U+094D><U+091F><U+094D><U+0930><U+0935><U+093E><U+0926> <U+0915><U+0940> <U+092A><U+0930><U+093E><U+0915><U+0937><U+094D><U+0920><U+093E> <U+0964>

<U+0906><U+091C><U+0915><U+0932> <U+0910><U+0938><U+0940> <U+092B><U+093F><U+0932><U+094D><U+092E><U+0947><U+0902> <U+0915><U+094D><U+092F><U+094B> <U+0913><U+0930> <U+0915><U+093F><U+0938> <U+0932><U+093F><U+090F> <U+092C><U+0928> <U+0930><U+0939><U+0940> <U+0939><U+0948> <U+0915><U+094D><U+092F><U+094B><U+0902><U+0915><U+093F> <U+092B><U+093F><U+0932><U+094D><U+092E><U+0947> <U+0913><U+0930> TV <U+0939><U+0940> <U+0910><U+0938><U+093E> <U+092E><U+093E><U+0927><U+094D><U+092F><U+092E> <U+0939><U+0948> <U+091C><U+093F><U+0938><U+0938><U+0947> <U+0915><U+093F><U+0938><U+0940> <U+092D><U+0940> <U+092C><U+093E><U+0924> <U+0915><U+094B> <U+0938><U+0939><U+0940> <U+0914><U+0930> <U+0938><U+0939><U+0940> <U+0915><U+094B> <U+0917><U+0932><U+0924> <U+092A><U+094D><U+0930><U+0926><U+0930><U+094D><U+0936><U+093F><U+0924> <U+0915><U+0930> <U+0906><U+0938><U+093E><U+0928><U+0940> <U+0938><U+0947> <U+091C><U+0928><U+0924><U+093E> <U+0915><U+0947> <U+0926><U+093F><U+092E><U+093E><U+0917> <U+0915><U+094B> <U+0939><U+093E><U+0907><U+091C><U+0947><U+0915> <U+0915><U+0930><U+0928><U+0947> <U+0915><U+0947> <U+0932><U+093F><U+090F> <U+0915><U+093E><U+092B><U+0940> <U+0939><U+0948> <U+0905><U+0930><U+094D><U+0925><U+093E><U+0924> <U+0938><U+094B><U+091A> <U+092C><U+0926><U+0932><U+0928><U+0947> <U+0915><U+0940> <U+0932><U+093F><U+090F> <U+0915><U+093E><U+092B><U+0940> <U+0939><U+0948> <U+0907><U+0938><U+0938><U+0947> <U+0906><U+092A> <U+0915><U+093F><U+0938><U+0940> <U+0915><U+0940> <U+091B><U+0935><U+093F> <U+0915><U+094B> <U+0926><U+094B><U+0938><U+094D><U+0924> <U+0938><U+0947> <U+0926><U+0941><U+0936><U+094D><U+092E><U+0928> <U+0913><U+0930> <U+0926><U+0941><U+0936><U+094D><U+092E><U+0928> <U+0938><U+0947> <U+0926><U+094B><U+0938><U+094D><U+0924> <U+092C><U+0928><U+093E> <U+0915><U+0930> <U+0905><U+092A><U+0928><U+0940> <U+0935><U+093F><U+091A><U+093E><U+0930><U+0927><U+093E><U+0930><U+093E> <U+0918><U+0941><U+0938><U+0947><U+095C><U+0940> <U+091C><U+093E> <U+0938><U+0915><U+0924><U+0940> <U+0939><U+0948> <U+092F><U+0939> <U+0935><U+093F><U+091A><U+093E><U+0930><U+0923><U+0940><U+092F> <U+0939><U+0948> <U+0915><U+094D><U+092F><U+094B><U+0902><U+0915><U+093F> <U+0916><U+093E><U+0938><U+0915><U+0930> <U+092F><U+0939> <U+092B><U+093F><U+0932><U+094D><U+092E><U+0947> <U+092F><U+0941><U+0935><U+093E><U+0913> <U+0915><U+0947> <U+0926><U+093F><U+092E><U+093E><U+0917> <U+0915><U+094B> <U+0939><U+093E><U+0907><U+091C><U+0947><U+0915> <U+0915><U+0930><U+0928><U+0947> <U+0915><U+0947> <U+0932><U+093F><U+090F> <U+092C><U+0928><U+093E><U+0908> <U+091C><U+093E> <U+0930><U+0939><U+0940> <U+0939><U+0948> <U+0964>

<U+0921><U+093E><U+092F><U+0932><U+0949><U+0917> : <U+0936><U+093F><U+0935><U+093E><U+091C><U+0940> <U+0915><U+093E> <U+0938><U+094D><U+0935><U+0930><U+093E><U+091C> <U+0938><U+094D><U+0925><U+093E><U+092A><U+093F><U+0924> <U+0909><U+0926><U+094D><U+0926><U+0947><U+0936><U+094D><U+092F>

<U+0932><U+0947><U+0915><U+093F><U+0928> <U+092E><U+0941><U+091D><U+0947> <U+092A><U+0924><U+093E> <U+0939><U+0948> 90% <U+092F><U+0941><U+0935><U+093E><U+0913> <U+0928><U+0947> <U+0936><U+093F><U+0935><U+093E><U+091C><U+0940> <U+092E><U+0939><U+093E><U+0930><U+093E><U+091C> <U+0915><U+093E> <U+0905><U+0938><U+0932><U+0940> <U+0907><U+0924><U+093F><U+0939><U+093E><U+0938> <U+0928><U+0939><U+0940> <U+092A><U+0924><U+093E> <U+0928><U+0939><U+0940> <U+0939><U+094B><U+0917><U+093E>, <U+091C><U+094B> <U+0915><U+093F> <U+0915><U+093F><U+0924><U+093E><U+092C><U+094B> <U+092E><U+0947><U+0902> <U+0932><U+093F><U+0916><U+093E> <U+0939><U+0948>","Ashu Kumar","0","0","2019-02-04T05:35:08.000Z","Ugz2moROHfy034gHeil4AaABAg","None","FALSE","tKmkMVaNu9g"
"Watch full movie Manikarnika : The queen of Jhansi <U+0001F60A><U+0001F60A> search page AT on FB
and enjoy movies like KGF , Manikarnika and like share follow us please for more updates","ATMS Singing","0","0","2019-02-04T04:39:23.000Z","UgxKmlUrbjosntvwkTx4AaABAg","None","FALSE","tKmkMVaNu9g"
"<U+092E><U+0923><U+093F><U+0915><U+0930><U+094D><U+0923><U+093F><U+0915><U+093E> <U+092E><U+0947><U+0902> <U+0906><U+091C> <U+0915><U+0947> <U+0909><U+0917><U+094D><U+0930>-<U+0930><U+093E><U+0937><U+094D><U+091F><U+094D><U+0930><U+0935><U+093E><U+0926> <U+0915><U+093E> <U+0905><U+0915><U+094D><U+0938> <U+0939><U+0948> <U+092E><U+0923><U+093F><U+0915><U+0930><U+094D><U+0923><U+093F><U+0915><U+093E> 1857 <U+0915><U+0940> <U+090F><U+0915> <U+0905><U+0939><U+092E> <U+0915><U+093F><U+0930><U+0926><U+093E><U+0930> <U+0930><U+093E><U+0928><U+0940> <U+0932><U+0915><U+094D><U+0937><U+094D><U+092E><U+0940><U+092C><U+093E><U+0908> <U+0915><U+0947> <U+0907><U+0930><U+094D><U+0926>-<U+0917><U+093F><U+0930><U+094D><U+0926> <U+0918><U+0942><U+092E><U+0924><U+0940> <U+0939><U+0948>,
<U+0907><U+0938><U+0947> <U+0939><U+092E><U+093E><U+0930><U+093E> <U+0927><U+094D><U+092F><U+093E><U+0928> <U+0930><U+093E><U+0937><U+094D><U+091F><U+094D><U+0930> <U+0915><U+0940> <U+0913><U+0930> <U+0906><U+0915><U+0930><U+094D><U+0937><U+093F><U+0924> <U+0915><U+0930><U+0928><U+093E> <U+0925><U+093E>. <U+0907><U+0938><U+0947> <U+0926><U+094B><U+0939><U+0930><U+093E><U+0935> <U+0915><U+0947> <U+0938><U+0939><U+093E><U+0930><U+0947> <U+0915><U+093F><U+092F><U+093E> <U+0917><U+092F><U+093E> <U+0939><U+0948>, <U+091C><U+094B> <U+0915><U+093F> <U+0907><U+0938> <U+092B><U+093F><U+0932><U+094D><U+092E> <U+0915><U+093E> <U+092C><U+093E><U+0930>-<U+092C><U+093E><U+0930> <U+0907><U+0938><U+094D><U+0924><U+0947><U+092E><U+093E><U+0932> <U+0915><U+093F><U+092F><U+093E> <U+091C><U+093E><U+0928><U+0947><U+0935><U+093E><U+0932><U+093E> <U+0939><U+0925><U+093F><U+092F><U+093E><U+0930> <U+0939><U+0948>. <U+092E><U+0923><U+093F><U+0915><U+0930><U+094D><U+0923><U+093F><U+0915><U+093E> <U+092E><U+0947><U+0902> <U+092E><U+093E><U+0924><U+0943><U+092D><U+0942><U+092E><U+093F>’ <U+0915><U+0947> <U+092A><U+094D><U+0930><U+0924><U+093F> <U+090F><U+0915> <U+0915><U+093F><U+0938><U+094D><U+092E> <U+0915><U+0940> <U+0926><U+0940><U+0935><U+093E><U+0928><U+0917><U+0940> <U+0939><U+0948>. <U+0905><U+0932><U+0917>-<U+0905><U+0932><U+0917> <U+0938><U+094D><U+0935><U+0930>, <U+0914><U+0930> <U+0905><U+0932><U+0917>-<U+0905><U+0932><U+0917> <U+0938><U+0902><U+0926><U+0930><U+094D><U+092D><U+094B><U+0902> <U+092E><U+0947><U+0902> <U+0907><U+0938><U+0915><U+093E> <U+091C><U+093F><U+0915><U+094D><U+0930> <U+0906><U+092F><U+093E> <U+0939><U+0948>, <U+091C><U+094B> <U+090F><U+0915> <U+0938><U+0902><U+0926><U+0947><U+0936> <U+0915><U+094B> <U+0926><U+094B><U+0939><U+0930><U+093E><U+0924><U+093E> <U+0939><U+0948>, <U+091C><U+094B> <U+092C><U+0939><U+0941><U+0924> <U+0939><U+0940> <U+0938><U+093E><U+092B> <U+0939><U+0948>. <U+090F><U+0915> <U+0906><U+0926><U+0930><U+094D><U+0936> <U+0915><U+093F><U+0938><U+094D><U+092E> <U+0915><U+093E> <U+0905><U+0924><U+0940><U+0924> <U+0938><U+093E><U+092E><U+093E><U+0928><U+094D><U+092F> <U+0924><U+094C><U+0930> <U+092A><U+0930> <U+0935><U+0930><U+094D><U+0924><U+092E><U+093E><U+0928> <U+092A><U+0930> <U+092C><U+0939><U+0938> <U+0915><U+0930><U+0928><U+0947> <U+0915><U+093E> <U+090F><U+0915> <U+092C><U+0939><U+093E><U+0928><U+093E> <U+0939><U+094B><U+0924><U+093E> <U+0939><U+0948>. <U+092E><U+0923><U+093F><U+0915><U+0930><U+094D><U+0923><U+093F><U+0915><U+093E> <U+0915><U+093E> <U+0930><U+093E><U+0937><U+094D><U+091F><U+094D><U+0930><U+0935><U+093E><U+0926>, <U+091C><U+094B> <U+0907><U+0938><U+0915><U+0947> <U+0935><U+0930><U+094D><U+0924><U+092E><U+093E><U+0928> <U+0938><U+0902><U+0938><U+094D><U+0915><U+0930><U+0923> <U+0938><U+0947> <U+0905><U+0932><U+0917> <U+0928><U+0939><U+0940><U+0902> <U+0939><U+0948>, <U+092A><U+0930> <U+090F><U+0915> <U+0938><U+0902><U+0915><U+0940><U+0930><U+094D><U+0923> <U+091A><U+0936><U+094D><U+092E><U+093E> <U+091A><U+095D><U+093E> <U+0939><U+0948><U+0903> <U+092F><U+0939> <U+0909><U+091A><U+094D><U+091A> <U+091C><U+093E><U+0924><U+0940><U+092F>, (<U+0905><U+0927><U+093F><U+0915><U+093E><U+0902><U+0936><U+0924><U+0903>) <U+0939><U+093F><U+0902><U+0926><U+0942> <U+0914><U+0930> <U+092D><U+0917><U+0935><U+093E> <U+0930><U+0902><U+0917> <U+092E><U+0947><U+0902> <U+0930><U+0902><U+0917><U+093E> <U+0939><U+0941><U+0906> <U+0939><U+0948>. <U+092B><U+093F><U+0932><U+094D><U+092E> <U+0915><U+0947> <U+0936><U+0941><U+0930><U+0941><U+0906><U+0924><U+0940> <U+0939><U+093F><U+0938><U+094D><U+0938><U+0947> <U+092E><U+0947><U+0902>, <U+0939><U+092E><U+0947><U+0902> <U+092E><U+0923><U+093F><U+0915><U+0930><U+094D><U+0923><U+093F><U+0915><U+093E> <U+0915><U+0947> <U+092C><U+093E><U+0930><U+0947> <U+092E><U+0947><U+0902> <U+092C><U+0924><U+093E><U+092F><U+093E> <U+091C><U+093E><U+0924><U+093E> <U+0939><U+0948> <U+0915><U+093F> ‘<U+0935><U+0939> <U+090F><U+0915> <U+092C><U+094D><U+0930><U+093E><U+0939><U+094D><U+092E><U+0923> <U+0939><U+0948>, <U+0932><U+0947><U+0915><U+093F><U+0928> <U+0909><U+0938><U+092E><U+0947><U+0902> <U+0915><U+094D><U+0937><U+0924><U+094D><U+0930><U+093F><U+092F> <U+0939><U+094B><U+0928><U+0947> <U+0915><U+0947> <U+0938><U+093E><U+0930><U+0947> <U+0917><U+0941><U+0923> <U+0939><U+0948><U+0902>.’ <U+0935><U+0939> <U+092F><U+0941><U+0926><U+094D><U+0927> <U+0915><U+093E> <U+0936><U+0902><U+0916><U+0928><U+093E><U+0926> <U+0938><U+0902><U+0938><U+094D><U+0915><U+0943><U+0924> <U+092E><U+0947><U+0902> <U+0915><U+0930><U+0924><U+0940> <U+0939><U+0948>. <U+0909><U+0938><U+0915><U+0947> <U+0930><U+093E><U+091C><U+094D><U+092F>- <U+091C><U+094B> <U+092E><U+0930><U+093E><U+0920><U+093E> <U+0938><U+093E><U+092E><U+094D><U+0930><U+093E><U+091C><U+094D><U+092F> <U+0915><U+093E> <U+0939><U+093F><U+0938><U+094D><U+0938><U+093E> <U+0939><U+0948>- <U+0915><U+0947> <U+091D><U+0902><U+0921><U+0947> <U+092A><U+0930> <U+0939><U+0928><U+0941><U+092E><U+093E><U+0928> <U+0938><U+0941><U+0936><U+094B><U+092D><U+093F><U+0924> <U+0939><U+0948><U+0902>.<U+092F><U+0939> <U+092C><U+093E><U+0924> <U+0905><U+0932><U+0917> <U+0939><U+0948> <U+0915><U+093F> <U+092E><U+0930><U+093E><U+0920><U+094B><U+0902> <U+0915><U+0947> <U+0905><U+0938><U+0932><U+0940> <U+091D><U+0902><U+0921><U+0947> <U+092F><U+093E> <U+0924><U+094B> <U+0938><U+093E><U+0926><U+0947> <U+0925><U+0947>, <U+0909><U+0928> <U+092A><U+0930> <U+0938><U+093F><U+0902><U+0939> <U+0915><U+093E> <U+091A><U+093F><U+0924><U+094D><U+0930> <U+0939><U+0941><U+0906> <U+0915><U+0930><U+0924><U+093E> <U+0925><U+093E>. <U+0926><U+094B><U+0924><U+0930><U+092B><U+093E> <U+0917><U+094B><U+0932><U+093E><U+092C><U+093E><U+0930><U+0940> <U+0915><U+0947> <U+092C><U+0940><U+091A> <U+092E><U+0947><U+0902>, <U+092E><U+0923><U+093F><U+0915><U+0930><U+094D><U+0923><U+093F><U+0915><U+093E> <U+0905><U+092A><U+0928><U+0947> <U+0938><U+093F><U+092A><U+093E><U+0939><U+093F><U+092F><U+094B><U+0902> <U+0915><U+0940> <U+091C><U+093E><U+0928> <U+0915><U+094B> <U+091C><U+094B><U+0916><U+093F><U+092E> <U+092E><U+0947><U+0902> <U+0921><U+093E><U+0932><U+0915><U+0930> <U+090F><U+0915> <U+092E><U+0902><U+0926><U+093F><U+0930> <U+0915><U+0940> <U+0930><U+0915><U+094D><U+0937><U+093E> <U+0915><U+0930><U+0924><U+0940> <U+0939><U+0948>. <U+091C><U+092C> <U+0909><U+0928><U+0915><U+093E> <U+0938><U+0939><U+092F><U+094B><U+0917><U+0940> (<U+0905><U+0928><U+093F><U+0932> <U+091C><U+0949><U+0930><U+094D><U+091C>) <U+090F><U+0915> <U+092D><U+0947><U+0926><U+093F><U+092F><U+093E> <U+0928><U+093F><U+0915><U+0932> <U+091C><U+093E><U+0924><U+093E> <U+0939><U+0948>, <U+0924><U+092C> <U+0932><U+0915><U+094D><U+0937><U+094D><U+092E><U+0940><U+092C><U+093E><U+0908> <U+0915><U+093E> <U+0938><U+0947><U+0928><U+093E><U+092A><U+0924><U+093F> <U+0917><U+0941><U+0932><U+093E><U+092E> <U+0917><U+094C><U+0938> <U+0916><U+093E><U+0928> (<U+0921><U+0948><U+0928><U+0940> <U+0921><U+0948><U+0902><U+0917><U+094D><U+091C><U+094B><U+092A><U+093E>) <U+0909><U+0938><U+0947> <U+0915><U+0939><U+0924><U+093E> <U+0939><U+0948>, ‘<U+0924><U+0941><U+092E><U+0928><U+0947> <U+0938><U+093F><U+0930><U+094D><U+092B> <U+0905><U+092A><U+0928><U+0947> <U+0926><U+0947><U+0936> <U+0915><U+0947> <U+0938><U+093E><U+0925> <U+0939><U+0940> <U+0917><U+0926><U+094D><U+0926><U+093E><U+0930><U+0940> <U+0928><U+0939><U+0940><U+0902> <U+0915><U+0940> <U+0939><U+0948>, <U+092C><U+0932><U+094D><U+0915><U+093F> <U+0939><U+092E><U+093E><U+0930><U+0947> <U+0927><U+0930><U+094D><U+092E> <U+0915><U+0947> <U+0938><U+093E><U+0925> <U+092D><U+0940> <U+0917><U+0926><U+094D><U+0926><U+093E><U+0930><U+0940> <U+0915><U+0940> <U+0939><U+0948>’- <U+092F><U+0939><U+093E><U+0902> <U+092C><U+093F><U+0928><U+093E> <U+0915><U+093F><U+0938><U+0940> <U+092A><U+094D><U+0930><U+092F><U+094B><U+091C><U+0928> <U+0915><U+0947> <U+0930><U+093E><U+0937><U+094D><U+091F><U+094D><U+0930><U+0935><U+093E><U+0926> <U+0915><U+094B> <U+0906><U+0938><U+094D><U+0925><U+093E> <U+0938><U+0947> <U+091C><U+094B><U+095C> <U+0926><U+093F><U+092F><U+093E> <U+0917><U+092F><U+093E> <U+0939><U+0948>. (<U+090F><U+0915> <U+0926><U+0942><U+0938><U+0930><U+0947> <U+091C><U+093E><U+0938><U+0942><U+0938>, <U+091C><U+094B> <U+0939><U+093F><U+0902><U+0926><U+0942> <U+0939><U+0948>, <U+0915><U+0940> <U+0915><U+093E><U+0930><U+0938><U+094D><U+0924><U+093E><U+0928><U+0940> <U+0915><U+094B> <U+0907><U+0938> <U+0924><U+0930><U+0939> <U+0938><U+0947> <U+0928><U+0939><U+0940><U+0902> <U+0906><U+0902><U+0915><U+093E> <U+0917><U+092F><U+093E> <U+0939><U+0948>.)      
                                                                                                                                                                     http://thewirehindi.com/70693/manikarnika-nationalism-kangna-ranaut/","Ashu Kumar","0","0","2019-02-04T04:29:14.000Z","UgxsJri5UAUmt2xFBOZ4AaABAg","None","FALSE","tKmkMVaNu9g"
"Kangana  is a very talented lady .  Good bless her hard and  fighting  guts in Bollywood.  Congratulations.","jyoti shah","0","0","2019-02-04T03:49:20.000Z","UgyKTtTQ9CKGUGJ1cNZ4AaABAg","None","FALSE","tKmkMVaNu9g"
"Kangana .... you are one man army !!!!!","manju jagari","0","0","2019-02-04T03:43:01.000Z","UgzuODzpu0Eq94MQQxp4AaABAg","None","FALSE","tKmkMVaNu9g"
"Queen of bollywood","Jharna Bhandari","0","0","2019-02-04T02:25:56.000Z","Ugzi0L3ZMfg1xjWRIvh4AaABAg","None","FALSE","tKmkMVaNu9g"
"In Indian history,  jhanshi Rani laxmi was the best inspiring woman figure. I love her role, I love her character.","Masi Hansda","0","0","2019-02-04T02:23:17.000Z","UgzWqSPQz0bX5F0oDVF4AaABAg","None","FALSE","tKmkMVaNu9g"
"Awsomeeeeeee <U+0001F62F><U+0001F62F><U+0001F62F><U+0001F62F><U+0001F62F><U+0001F62F><U+0001F62F><U+0001F62F><U+0001F62F><U+0001F62F><U+0001F62F>","Sulagna Das","0","0","2019-02-03T21:21:48.000Z","UgxaZRK1DcA1YK1RN154AaABAg","None","FALSE","tKmkMVaNu9g"
"Please guys do watch this movie.. it's a masterpiece and every scene is worth watching.. jai hind.. thanks","My Naukri Support","0","0","2019-02-03T18:38:23.000Z","UgwdsvS9IWjf80RmJBl4AaABAg","None","FALSE","tKmkMVaNu9g"
"Awsm movie as ever i seen... <U+0001F44C><U+0001F44C><U+0001F44C><U+0001F44C><U+0001F44C><U+0001F44C>","JASMEET JUNEJA","0","0","2019-02-03T18:01:01.000Z","Ugy9e1pCDLoOZx93yJZ4AaABAg","None","FALSE","tKmkMVaNu9g"
"Very nice movie","pinky lele","0","0","2019-02-03T18:00:57.000Z","Ugx_UbEbKwylToUunXR4AaABAg","None","FALSE","tKmkMVaNu9g"
"Kangna ranawat roll is good","Roshan Singh","0","0","2019-02-03T17:42:52.000Z","UgxSYyNRbNF_9Sejt094AaABAg","None","FALSE","tKmkMVaNu9g"
"Osm movie","Roshan Singh","0","0","2019-02-03T17:42:30.000Z","UgxBxSzClj97NDlp-bB4AaABAg","None","FALSE","tKmkMVaNu9g"
"Rani Lakshmibai, one of the greatest leaders of India. Proud to be a Marathi, proud to be an Indian.","warnpassion","0","0","2019-02-03T16:38:43.000Z","UgzLzhYwHDQx4ASFFot4AaABAg","None","FALSE","tKmkMVaNu9g"
"Wow osm picture","Jagruti Zapadiya","0","0","2019-02-03T16:34:39.000Z","UgyBwJTZ4IFGzLWTr5t4AaABAg","None","FALSE","tKmkMVaNu9g"
"An astonishing movie <U+0001F60D><U+0001F60D><U+0001F60D><U+0001F60D><U+0001F60D><U+0001F60D><U+0001F60D><U+0001F60D><U+0001F60D>","Saisilpa Bijjala","0","0","2019-02-03T16:06:02.000Z","Ugw6JqAQR3XQ0b8I7Fx4AaABAg","None","FALSE","tKmkMVaNu9g"
"kangana..  the Jhansi of bollywood !!!","lllima","0","0","2019-02-03T15:42:37.000Z","UgwcbyZiqvc6z0c4SVl4AaABAg","None","FALSE","tKmkMVaNu9g"
"I saw manikarnika movie . Its the best movie in my life.And kangna is the best actress in India. Good acting . I wish your movie be a superhit movie for this year.love u kangna","Bhupender singh","0","0","2019-02-03T15:27:45.000Z","UgwiOT1RRfNFeWghkLN4AaABAg","None","FALSE","tKmkMVaNu9g"
"<U+0001F44D>I watched the movie and it was super; kanagana act was mind blowing; <U+0001F44F><U+0001F44F><U+0001F44F><U+0001F44F><U+0001F44F>","Yogithaa","0","0","2019-02-03T14:59:32.000Z","UgzaGWzrT3ZPH65290Z4AaABAg","None","FALSE","tKmkMVaNu9g"
"good work<U+0001F601>","Sundarapandian Pandian","0","0","2019-02-03T14:52:53.000Z","Ugx0HgBehbwZUWUSePd4AaABAg","None","FALSE","tKmkMVaNu9g"
"Shandar movie hai... Parivar or baccho ke sath dekhne chahiye...har-har mahadev","yogesh vidyarthi","0","0","2019-02-03T14:35:03.000Z","UgzinoN9M0At9vMCuO54AaABAg","None","FALSE","tKmkMVaNu9g"
"Saw the movie it is amazing proud about the country","Tejaswini Tiwary","0","0","2019-02-03T14:24:56.000Z","UgzKh8LTynbJzy7cJMN4AaABAg","None","FALSE","tKmkMVaNu9g"
"Mera Bharat sabse mahan <U+0001F1EE><U+0001F1F3><U+0001F1EE><U+0001F1F3><U+0001F1EE><U+0001F1F3><U+0001F1EE><U+0001F1F3><U+0001F1EE><U+0001F1F3><U+0001F1EE><U+0001F1F3><U+0001F1EE><U+0001F1F3>","Supu Bhattacharjee","0","0","2019-02-03T14:03:39.000Z","UgyQqk64EhqRdhdggI14AaABAg","None","FALSE","tKmkMVaNu9g"
"This movie is a masterpiece","mimicry radio","0","0","2019-02-03T13:43:45.000Z","UgztQDBoRBaRTDc2_tp4AaABAg","None","FALSE","tKmkMVaNu9g"
"After the movie","mimicry radio","0","0","2019-02-03T13:43:05.000Z","UgxLJm2x4fEuTjq9YKp4AaABAg","None","FALSE","tKmkMVaNu9g"
"The hairstyle in this is soo natural that it syncs the Queens . The acting of Kangana is also soo good.","shilpa suresh","0","0","2019-02-03T13:32:07.000Z","UgwmqSdZDa7XSIx0WLt4AaABAg","None","FALSE","tKmkMVaNu9g"
"It's an energetic and action movie","Dipti Mayee Sahoo","0","2","2019-02-03T13:22:11.000Z","UgxrU4hC6NLYEdqa4Wt4AaABAg","None","FALSE","tKmkMVaNu9g"
"Such a wonderful movie..must watch..","Chandni Singh","0","0","2019-02-03T13:16:20.000Z","Ugw6hMbpd9faKYAkFGZ4AaABAg","None","FALSE","tKmkMVaNu9g"
"The movie is amazing","Padmini Badjate","0","1","2019-02-03T13:12:08.000Z","UgxgAnFKJRv2wkQjksp4AaABAg","None","FALSE","tKmkMVaNu9g"
"The film aired in Indonesia har har mahadev","kokoarab_ gamers","0","0","2019-02-03T12:36:28.000Z","UgyV9mAKgSbJFrtqe-F4AaABAg","None","FALSE","tKmkMVaNu9g"
"Very Nice Movie","Rizwana Bhati","0","0","2019-02-03T12:29:17.000Z","UgyrF2lLwCEIxvE9VEl4AaABAg","None","FALSE","tKmkMVaNu9g"
"Suparb","Soumya Dey","0","0","2019-02-03T12:00:09.000Z","UgwcbDynBsV9VaogT6B4AaABAg","None","FALSE","tKmkMVaNu9g"
"Queen
Mother
Warrior...... great <U+0001F64F>","Gaurav Kumar","0","0","2019-02-03T11:59:08.000Z","Ugy7meEVTjUNb-klS5B4AaABAg","None","FALSE","tKmkMVaNu9g"
"A real queen,telling to laxmi bai not her","Raunak Bhattacharjee","0","0","2019-02-03T11:46:07.000Z","UgztqVT6aOSLl6V0K6N4AaABAg","None","FALSE","tKmkMVaNu9g"
"Mene ye movi 2 din m 5 bar dekhly.. But man nhi bahra abhi bhi....","Swati sharma","0","0","2019-02-03T11:15:55.000Z","UgwKNNMz4JYUwJ2G8b14AaABAg","None","FALSE","tKmkMVaNu9g"
"Literally the more I watch it it got me goosebumps 
Kangana you are on <U+0001F525> 
Respect","Harry Mittal","0","0","2019-02-03T11:02:38.000Z","UgxSHCauVkKoZzMtkUx4AaABAg","None","FALSE","tKmkMVaNu9g"
"Great movie","manmohan katuri","0","0","2019-02-03T10:15:15.000Z","Ugwi1SA2tfJmZxuqt454AaABAg","None","FALSE","tKmkMVaNu9g"
"Hats of to Kangna and Krish","manmohan katuri","0","0","2019-02-03T10:12:52.000Z","UgywPTq2OI-NGXkMJx14AaABAg","None","FALSE","tKmkMVaNu9g"
"Good movie . The fight with British soldiers was best shot and when they enter the palace all the flight sequences looked very neat mature","manmohan katuri","0","2","2019-02-03T10:12:30.000Z","UgyvH4RYOqdKSZ9ZsYd4AaABAg","None","FALSE","tKmkMVaNu9g"
"Best movie","Urvi Turbhekar","0","0","2019-02-03T09:58:17.000Z","UgxV17rAniHoc5L0u3J4AaABAg","None","FALSE","tKmkMVaNu9g"
"Manikarnika the legend.","madanlodi","0","0","2019-02-03T09:38:52.000Z","UgzlP32x0GURCBmgipd4AaABAg","None","FALSE","tKmkMVaNu9g"
"Nice trailer <U+0001F60D>","Akanksha Tiwari","1","0","2019-02-03T09:32:25.000Z","UgwVnvjwsZyoNXFfJL54AaABAg","None","FALSE","tKmkMVaNu9g"
"<U+0001F623><U+0001F623><U+0001F623><U+0001F623>","The Journeys & Lessons of Life","0","0","2019-02-04T20:36:58.000Z","UgzqQBb2iQB7pnNrB-x4AaABAg.8qwc_IUcSYo8qwoPmdzsSz","UgzqQBb2iQB7pnNrB-x4AaABAg","Just The Way I Dream","tKmkMVaNu9g"
"Go to the Cinema Hall. Abhi chal rhi hai.","Anirudhaa Manav","0","0","2019-02-04T16:50:51.000Z","Ugyc-bRf5eplxRVmB5Z4AaABAg.8qw8IMzZTx18qwPXbhJlCo","Ugyc-bRf5eplxRVmB5Z4AaABAg","Ayesha Rajpt","tKmkMVaNu9g"
"I wait this movie","Akanksha Tiwari","0","0","2019-02-03T09:33:16.000Z","UgwVnvjwsZyoNXFfJL54AaABAg.8qt2ZW8Zpa48qt2elkR8pZ","UgwVnvjwsZyoNXFfJL54AaABAg","Akanksha Tiwari","tKmkMVaNu9g"
